Workbook

Sheet Dashboard
B2: GOLD TRADING DASHBOARD OKTOBER
B3: Ringkasan prestasi akaun harian Gold (XAUUSD), deposit, withdrawal, winrate, drawdown & target guang.
B5: MODAL AWAL | E5: BALANCE AKHIR | H5: NET P/L ($) | K5: WINRATE (%)
B6: ='Trading Journal'!B37 -> 0 | E6: ='Trading Journal'!H23 -> 0 | H6: ='Trading Journal'!F31 -> 0 | K6: =( 'Trading Journal'!B34 / 20 ) * 100 -> 0
B9: RINGKASAN & METRIK UTAMA
B10: Jumlah Deposit ($) | C10: ='Trading Journal'!B28 -> 0
B11: Jumlah Withdrawal ($) | C11: ='Trading Journal'!B32 -> 0
B12: Jumlah Profit ($) | C12: ='Trading Journal'!B29 -> 0
B13: Jumlah Loss ($) | C13: ='Trading Journal'!B30 -> 0
B14: Net P/L ($) | C14: ='Trading Journal'!B31 -> 0
B15: Jumlah Hari Profit | C15: ='Trading Journal'!B34 -> 0
B16: Jumlah Hari Loss | C16: ='Trading Journal'!B35 -> 0
B17: Max Drawdown ($) | C17: =MIN('Trading Journal'!H4:H23) - MAX('Trading Journal'!H4:H23) -> 0

Sheet Trading Journal
A1: GOLD TRADING JOURNAL OKTOBER
A3: Hari | B3: Tarikh | C3: Deposit ($) | D3: Profit ($) | E3: Loss ($) | F3: Net P/L ($) | G3: Withdrawal ($) | H3: Balance ($) | I3: Notes
A4: 1 | C4: 0 | D4: 0 | E4: 0 | F4: =D4-E4 -> 0 | G4: 0 | H4: =C4+F4-G4 -> 0
A5: 2 | C5: 0 | D5: 0 | E5: 0 | F5: =D5-E5 -> 0 | G5: 0 | H5: =H4+C5+F5-G5 -> 0
A6: 3 | C6: 0 | D6: 0 | E6: 0 | F6: =D6-E6 -> 0 | G6: 0 | H6: =H5+C6+F6-G6 -> 0
A7: 4 | C7: 0 | D7: 0 | E7: 0 | F7: =D7-E7 -> 0 | G7: 0 | H7: =H6+C7+F7-G7 -> 0
A8: 5 | C8: 0 | D8: 0 | E8: 0 | F8: =D8-E8 -> 0 | G8: 0 | H8: =H7+C8+F8-G8 -> 0
A9: 6 | C9: 0 | D9: 0 | E9: 0 | F9: =D9-E9 -> 0 | G9: 0 | H9: =H8+C9+F9-G9 -> 0
A10: 7 | C10: 0 | D10: 0 | E10: 0 | F10: =D10-E10 -> 0 | G10: 0 | H10: =H9+C10+F10-G10 -> 0
A11: 8 | C11: 0 | D11: 0 | E11: 0 | F11: =D11-E11 -> 0 | G11: 0 | H11: =H10+C11+F11-G11 -> 0
A12: 9 | C12: 0 | D12: 0 | E12: 0 | F12: =D12-E12 -> 0 | G12: 0 | H12: =H11+C12+F12-G12 -> 0
A13: 10 | C13: 0 | D13: 0 | E13: 0 | F13: =D13-E13 -> 0 | G13: 0 | H13: =H12+C13+F13-G13 -> 0
A14: 11 | C14: 0 | D14: 0 | E14: 0 | F14: =D14-E14 -> 0 | G14: 0 | H14: =H13+C14+F14-G14 -> 0
A15: 12 | C15: 0 | D15: 0 | E15: 0 | F15: =D15-E15 -> 0 | G15: 0 | H15: =H14+C15+F15-G15 -> 0
A16: 13 | C16: 0 | D16: 0 | E16: 0 | F16: =D16-E16 -> 0 | G16: 0 | H16: =H15+C16+F16-G16 -> 0
... A23: 20 | C23: 0 | D23: 0 | E23: 0 | F23: =D23-E23 -> 0 | G23: 0 | H23: =H22+C23+F23-G23 -> 0
A26: RINGKASAN
A28: Jumlah Deposit ($) | B28: =SUM(C4:C23) -> 0
A29: Jumlah Profit ($) | B29: =SUM(D4:D23) -> 0
A30: Jumlah Loss ($) | B30: =SUM(E4:E23) -> 0
A31: Net P/L ($) | B31: =SUM(F4:F23) -> 0
A32: Jumlah Withdrawal ($) | B32: =SUM(G4:G23) -> 0
A33: Balance Akhir ($) | B33: =H23 -> 0
A34: Jumlah Hari Profit | B34: =COUNTIF(F4:F23,">0") -> 0
A35: Jumlah Hari Loss | B35: =COUNTIF(F4:F23,"<0") -> 0
A37: Modal Awal ($) | B37: =C4 -> 0
